sample_id,candidate_answers,reviewer,review_date
vqav2-177941,0|1|2|3|4|5+|other,expert_human_reviewer,2026-10-05
vqav2-250917,0|1|2|3|4|5+|other,expert_human_reviewer,2026-10-05
vqav2-100850,yes|no|other,expert_human_reviewer,2026-10-05
gqa-2354461,snow|person|car|dog|cat|other,expert_human_reviewer,2026-10-05
gqa-2366749,yes|no|other,expert_human_reviewer,2026-10-05
gqa-2347379,table|person|car|dog|cat|other,expert_human_reviewer,2026-10-05
vqav2-471446,yes|no|other,expert_human_reviewer,2026-10-05
vqav2-154711,yes|no|other,expert_human_reviewer,2026-10-05
vqav2-502982,yes|no|other,expert_human_reviewer,2026-10-05
gqa-2373388,yes|no|other,expert_human_reviewer,2026-10-05
gqa-2326675,girl|person|car|dog|cat|other,expert_human_reviewer,2026-10-05
gqa-2398774,red|blue|green|yellow|white|black|brown|gray|orange|purple|pink|other,expert_human_reviewer,2026-10-05
gqa-2324683,yes|no|other,expert_human_reviewer,2026-10-05
vqav2-287550,"hat and coat|hat|hat, hoodie|hat, jacket|person|other",expert_human_reviewer,2026-10-05
gqa-2336142,wall|person|car|dog|cat|other,expert_human_reviewer,2026-10-05
vqav2-341118,yes|no|other,expert_human_reviewer,2026-10-05
vqav2-528516,"veggies|vegetables|mushroom, potato, green bean, carrot, yellow pepper|green beans, carrots, potato|person|other",expert_human_reviewer,2026-10-05
gqa-2395906,skateboard|person|car|dog|cat|other,expert_human_reviewer,2026-10-05
vqav2-3335,yes|no|other,expert_human_reviewer,2026-10-05
gqa-1653,street|person|car|dog|cat|other,expert_human_reviewer,2026-10-05
vqav2-337984,yes|no|other,expert_human_reviewer,2026-10-05
gqa-2391748,yes|no|other,expert_human_reviewer,2026-10-05
gqa-2394980,cabinet|person|car|dog|cat|other,expert_human_reviewer,2026-10-05
vqav2-111086,yes|no|other,expert_human_reviewer,2026-10-05
gqa-2380370,yes|no|other,expert_human_reviewer,2026-10-05
gqa-713596,snow|person|car|dog|cat|other,expert_human_reviewer,2026-10-05
vqav2-92514,"microwave and coffee maker|microwave and coffee pot|coffee maker and microwave|coffee maker, microwave|person|other",expert_human_reviewer,2026-10-05
gqa-2382208,red|blue|green|yellow|white|black|brown|gray|orange|purple|pink|other,expert_human_reviewer,2026-10-05
gqa-2387265,yes|no|other,expert_human_reviewer,2026-10-05
gqa-2330701,bus|person|car|dog|cat|other,expert_human_reviewer,2026-10-05
gqa-2374541,yes|no|other,expert_human_reviewer,2026-10-05
gqa-2342004,top|person|car|dog|cat|other,expert_human_reviewer,2026-10-05
vqav2-328464,600|400|person|car|dog|other,expert_human_reviewer,2026-10-05
vqav2-295956,tennis|tennis court|person|car|dog|other,expert_human_reviewer,2026-10-05
gqa-2380928,right|person|car|dog|cat|other,expert_human_reviewer,2026-10-05
gqa-1218,yes|no|other,expert_human_reviewer,2026-10-05
vqav2-72428,yes|no|other,expert_human_reviewer,2026-10-05
vqav2-276720,0|1|2|3|4|5+|other,expert_human_reviewer,2026-10-05
gqa-2376178,yes|no|other,expert_human_reviewer,2026-10-05
vqav2-127785,6|0|1|2|3|4|5+|other,expert_human_reviewer,2026-10-05
gqa-2383075,yes|no|other,expert_human_reviewer,2026-10-05
gqa-2369719,red|blue|green|yellow|white|black|brown|gray|orange|purple|pink|other,expert_human_reviewer,2026-10-05
gqa-2344624,yes|no|other,expert_human_reviewer,2026-10-05
vqav2-155736,red|blue|green|yellow|white|black|brown|gray|orange|purple|pink|other,expert_human_reviewer,2026-10-05
vqav2-363845,yes|no|other,expert_human_reviewer,2026-10-05
vqav2-281679,yes|no|other,expert_human_reviewer,2026-10-05
gqa-2404154,chair|person|car|dog|cat|other,expert_human_reviewer,2026-10-05
gqa-2334535,top|person|car|dog|cat|other,expert_human_reviewer,2026-10-05
gqa-2376976,house|person|car|dog|cat|other,expert_human_reviewer,2026-10-05
gqa-2349983,flowers|person|car|dog|cat|other,expert_human_reviewer,2026-10-05
gqa-2404965,yes|no|other,expert_human_reviewer,2026-10-05
gqa-2390480,right|person|car|dog|cat|other,expert_human_reviewer,2026-10-05
gqa-2364364,yes|no|other,expert_human_reviewer,2026-10-05
vqav2-190115,beer|wine|person|car|dog|other,expert_human_reviewer,2026-10-05
vqav2-11340,hair|nothing|person|car|dog|other,expert_human_reviewer,2026-10-05
vqav2-283064,yes|no|other,expert_human_reviewer,2026-10-05
gqa-2316187,yes|no|other,expert_human_reviewer,2026-10-05
vqav2-302159,yes|no|other,expert_human_reviewer,2026-10-05
gqa-2352581,yes|no|other,expert_human_reviewer,2026-10-05
vqav2-433279,afternoon|5pm|evening|5 pm|person|other,expert_human_reviewer,2026-10-05
gqa-2405223,yes|no|other,expert_human_reviewer,2026-10-05
vqav2-332940,plaid|cardboard|striped|blue|person|other,expert_human_reviewer,2026-10-05
vqav2-9729,yes|no|other,expert_human_reviewer,2026-10-05
gqa-2323933,red|blue|green|yellow|white|black|brown|gray|orange|purple|pink|other,expert_human_reviewer,2026-10-05
vqav2-446751,yes|no|other,expert_human_reviewer,2026-10-05
vqav2-12670,no|yes|person|car|dog|other,expert_human_reviewer,2026-10-05
gqa-2407446,bike|person|car|dog|cat|other,expert_human_reviewer,2026-10-05
vqav2-144929,umbrella|hat|wig|headdress|person|other,expert_human_reviewer,2026-10-05
gqa-2386511,yes|no|other,expert_human_reviewer,2026-10-05
gqa-2362638,yes|no|other,expert_human_reviewer,2026-10-05
gqa-2325896,yes|no|other,expert_human_reviewer,2026-10-05
vqav2-494863,yes|no|other,expert_human_reviewer,2026-10-05
gqa-2368444,yes|no|other,expert_human_reviewer,2026-10-05
gqa-2364138,yes|no|other,expert_human_reviewer,2026-10-05
vqav2-70589,red|blue|green|yellow|white|black|brown|gray|orange|purple|pink|other,expert_human_reviewer,2026-10-05
gqa-2383321,yes|no|other,expert_human_reviewer,2026-10-05
vqav2-261906,yes|no|other,expert_human_reviewer,2026-10-05
gqa-2363937,red|blue|green|yellow|white|black|brown|gray|orange|purple|pink|other,expert_human_reviewer,2026-10-05
gqa-2327958,yes|no|other,expert_human_reviewer,2026-10-05
vqav2-425644,yes|no|other,expert_human_reviewer,2026-10-05
gqa-2400081,arrow|person|car|dog|cat|other,expert_human_reviewer,2026-10-05
vqav2-358255,yes|no|other,expert_human_reviewer,2026-10-05
vqav2-96110,onions|sauerkraut|kraut|coleslaw|person|other,expert_human_reviewer,2026-10-05
gqa-2398382,zebra|person|car|dog|cat|other,expert_human_reviewer,2026-10-05
vqav2-306855,chair|on chair|person|car|dog|other,expert_human_reviewer,2026-10-05
vqav2-276063,mazda|mazda`|nissan|toyota|person|other,expert_human_reviewer,2026-10-05
vqav2-139127,yes|no|other,expert_human_reviewer,2026-10-05
vqav2-12979,yes|no|other,expert_human_reviewer,2026-10-05
vqav2-296032,yes|no|other,expert_human_reviewer,2026-10-05
vqav2-504810,sandwich and fries|sandwich|ham|hamburger|person|other,expert_human_reviewer,2026-10-05
vqav2-404613,bat|baseball bat|person|car|dog|other,expert_human_reviewer,2026-10-05
gqa-2402570,left|person|car|dog|cat|other,expert_human_reviewer,2026-10-05
vqav2-490294,5|0|1|2|3|4|5+|other,expert_human_reviewer,2026-10-05
vqav2-290170,yes|no|other,expert_human_reviewer,2026-10-05
vqav2-565670,yes|no|other,expert_human_reviewer,2026-10-05
vqav2-321846,yes|no|other,expert_human_reviewer,2026-10-05
gqa-2415670,yes|no|other,expert_human_reviewer,2026-10-05
vqav2-84158,outside|forest|by bush|path|person|other,expert_human_reviewer,2026-10-05
vqav2-420666,yes|no|other,expert_human_reviewer,2026-10-05
gqa-2414593,courtyard|person|car|dog|cat|other,expert_human_reviewer,2026-10-05
vqav2-329336,no|person|car|dog|cat|other,expert_human_reviewer,2026-10-05
vqav2-16180,red|blue|green|yellow|white|black|brown|gray|orange|purple|pink|other,expert_human_reviewer,2026-10-05
vqav2-418281,yes|no|other,expert_human_reviewer,2026-10-05
gqa-2404396,up|person|car|dog|cat|other,expert_human_reviewer,2026-10-05
vqav2-544855,yes|no|other,expert_human_reviewer,2026-10-05
gqa-2386472,table|person|car|dog|cat|other,expert_human_reviewer,2026-10-05
gqa-2346159,yes|no|other,expert_human_reviewer,2026-10-05
gqa-2411476,yes|no|other,expert_human_reviewer,2026-10-05
gqa-2325456,yes|no|other,expert_human_reviewer,2026-10-05
gqa-2380186,short|person|car|dog|cat|other,expert_human_reviewer,2026-10-05
vqav2-383846,table|tablecloth|napkin|placemat|person|other,expert_human_reviewer,2026-10-05
gqa-2386899,yes|no|other,expert_human_reviewer,2026-10-05
vqav2-262514,yes|no|other,expert_human_reviewer,2026-10-05
gqa-2369833,yes|no|other,expert_human_reviewer,2026-10-05
vqav2-224557,sub|submarine|meat|veggie|person|other,expert_human_reviewer,2026-10-05
vqav2-451623,hot dog|person|car|dog|cat|other,expert_human_reviewer,2026-10-05
vqav2-198935,yes|no|other,expert_human_reviewer,2026-10-05
vqav2-397639,yes|no|other,expert_human_reviewer,2026-10-05
gqa-2333341,yes|no|other,expert_human_reviewer,2026-10-05
vqav2-255479,red|blue|green|yellow|white|black|brown|gray|orange|purple|pink|other,expert_human_reviewer,2026-10-05
vqav2-336166,yes|no|other,expert_human_reviewer,2026-10-05
gqa-2392001,ocean|person|car|dog|cat|other,expert_human_reviewer,2026-10-05
gqa-2334745,butter|person|car|dog|cat|other,expert_human_reviewer,2026-10-05
gqa-2379466,yes|no|other,expert_human_reviewer,2026-10-05
vqav2-478798,on shelf|shelf|kmart|store|person|other,expert_human_reviewer,2026-10-05
gqa-2406874,yes|no|other,expert_human_reviewer,2026-10-05
gqa-2401032,word|person|car|dog|cat|other,expert_human_reviewer,2026-10-05
gqa-2350736,cell phone|person|car|dog|cat|other,expert_human_reviewer,2026-10-05
gqa-2331481,elephant|person|car|dog|cat|other,expert_human_reviewer,2026-10-05
gqa-2356679,gravel|person|car|dog|cat|other,expert_human_reviewer,2026-10-05
vqav2-282231,tennis|person|car|dog|cat|other,expert_human_reviewer,2026-10-05
vqav2-442630,winter|person|car|dog|cat|other,expert_human_reviewer,2026-10-05
vqav2-543364,yes|no|other,expert_human_reviewer,2026-10-05
gqa-2381398,metal|person|car|dog|cat|other,expert_human_reviewer,2026-10-05
vqav2-103692,yes|no|other,expert_human_reviewer,2026-10-05
vqav2-176211,cheese|broccoli sauce|broccoli|cheesy broccoli|person|other,expert_human_reviewer,2026-10-05
vqav2-466774,yes|no|other,expert_human_reviewer,2026-10-05
vqav2-128812,12|0|1|2|3|4|5+|other,expert_human_reviewer,2026-10-05
vqav2-194407,red|blue|green|yellow|white|black|brown|gray|orange|purple|pink|other,expert_human_reviewer,2026-10-05
vqav2-42387,many|0|1|2|3|4|5+|other,expert_human_reviewer,2026-10-05
vqav2-252213,yes|no|other,expert_human_reviewer,2026-10-05
gqa-2317919,yes|no|other,expert_human_reviewer,2026-10-05
gqa-2366564,yes|no|other,expert_human_reviewer,2026-10-05
gqa-2316943,yes|no|other,expert_human_reviewer,2026-10-05
gqa-2365778,man|person|car|dog|cat|other,expert_human_reviewer,2026-10-05
vqav2-155774,yes|no|other,expert_human_reviewer,2026-10-05
gqa-2333723,yes|no|other,expert_human_reviewer,2026-10-05
gqa-1592951,truck|person|car|dog|cat|other,expert_human_reviewer,2026-10-05
gqa-2324933,yes|no|other,expert_human_reviewer,2026-10-05
gqa-1204,yes|no|other,expert_human_reviewer,2026-10-05
gqa-2400631,yes|no|other,expert_human_reviewer,2026-10-05
gqa-2323902,red|blue|green|yellow|white|black|brown|gray|orange|purple|pink|other,expert_human_reviewer,2026-10-05
gqa-2332799,yes|no|other,expert_human_reviewer,2026-10-05
gqa-2376957,red|blue|green|yellow|white|black|brown|gray|orange|purple|pink|other,expert_human_reviewer,2026-10-05
vqav2-439522,yes|no|other,expert_human_reviewer,2026-10-05
gqa-2360831,yes|no|other,expert_human_reviewer,2026-10-05
vqav2-393942,yes|no|other,expert_human_reviewer,2026-10-05
vqav2-380388,312|person|car|dog|cat|other,expert_human_reviewer,2026-10-05
vqav2-574297,red|blue|green|yellow|white|black|brown|gray|orange|purple|pink|other,expert_human_reviewer,2026-10-05
vqav2-372265,right|person|car|dog|cat|other,expert_human_reviewer,2026-10-05
vqav2-405635,yes|no|other,expert_human_reviewer,2026-10-05
gqa-2333044,yes|no|other,expert_human_reviewer,2026-10-05
gqa-2348712,bench|person|car|dog|cat|other,expert_human_reviewer,2026-10-05
vqav2-527887,yes|no|other,expert_human_reviewer,2026-10-05
gqa-2345900,truck|person|car|dog|cat|other,expert_human_reviewer,2026-10-05
vqav2-70657,yes|no|other,expert_human_reviewer,2026-10-05
gqa-2375356,yes|no|other,expert_human_reviewer,2026-10-05
gqa-2316597,yes|no|other,expert_human_reviewer,2026-10-05
vqav2-380459,yes|no|other,expert_human_reviewer,2026-10-05
gqa-2409738,broccoli|person|car|dog|cat|other,expert_human_reviewer,2026-10-05
gqa-2395512,yes|no|other,expert_human_reviewer,2026-10-05
vqav2-142940,frisbee|person|car|dog|cat|other,expert_human_reviewer,2026-10-05
vqav2-240589,yes|no|other,expert_human_reviewer,2026-10-05
gqa-2403946,yes|no|other,expert_human_reviewer,2026-10-05
gqa-1159297,yes|no|other,expert_human_reviewer,2026-10-05
gqa-2406216,yes|no|other,expert_human_reviewer,2026-10-05
gqa-2341440,red|blue|green|yellow|white|black|brown|gray|orange|purple|pink|other,expert_human_reviewer,2026-10-05
gqa-2318332,door|person|car|dog|cat|other,expert_human_reviewer,2026-10-05
vqav2-261679,red|blue|green|yellow|white|black|brown|gray|orange|purple|pink|other,expert_human_reviewer,2026-10-05
vqav2-397863,0|1|2|3|4|5+|other,expert_human_reviewer,2026-10-05
vqav2-302185,red|blue|green|yellow|white|black|brown|gray|orange|purple|pink|other,expert_human_reviewer,2026-10-05
gqa-2402273,bottom|person|car|dog|cat|other,expert_human_reviewer,2026-10-05
gqa-2403468,red|blue|green|yellow|white|black|brown|gray|orange|purple|pink|other,expert_human_reviewer,2026-10-05
gqa-2331336,yes|no|other,expert_human_reviewer,2026-10-05
vqav2-451151,right one|one on right|right|one on left|person|other,expert_human_reviewer,2026-10-05
vqav2-240279,yes|no|other,expert_human_reviewer,2026-10-05
gqa-2388927,yes|no|other,expert_human_reviewer,2026-10-05
gqa-2325742,yes|no|other,expert_human_reviewer,2026-10-05
gqa-2770,yes|no|other,expert_human_reviewer,2026-10-05
vqav2-451406,yes|no|other,expert_human_reviewer,2026-10-05
vqav2-432605,bathroom|person|car|dog|cat|other,expert_human_reviewer,2026-10-05
vqav2-61862,yes|no|other,expert_human_reviewer,2026-10-05
vqav2-45248,on ground|ground|wall|lying on floor|person|other,expert_human_reviewer,2026-10-05
gqa-2374131,jacket|person|car|dog|cat|other,expert_human_reviewer,2026-10-05
vqav2-209868,toothpaste|toothbrush|toothbrush toothpaste|person|car|other,expert_human_reviewer,2026-10-05
vqav2-406885,0|1|2|3|4|5+|other,expert_human_reviewer,2026-10-05
vqav2-29393,yes|no|other,expert_human_reviewer,2026-10-05
vqav2-42433,motorcycle|motorcycles|bikes|motorbikes|person|other,expert_human_reviewer,2026-10-05
vqav2-493682,gas station|store|person|car|dog|other,expert_human_reviewer,2026-10-05
vqav2-565045,yes|no|person|car|dog|other,expert_human_reviewer,2026-10-05
