sample_id,mask,critical_concepts,mask_accepted,reviewer,review_date
vqav2-177941,evidence_proposals/masks/vqav2-177941.png,3.,true,expert_human_reviewer,2026-10-05
vqav2-250917,evidence_proposals/masks/vqav2-250917.png,2.,true,expert_human_reviewer,2026-10-05
vqav2-100850,evidence_proposals/masks/vqav2-100850.png,object.,true,expert_human_reviewer,2026-10-05
gqa-2354461,evidence_proposals/masks/gqa-2354461.png,snow.,true,expert_human_reviewer,2026-10-05
gqa-2366749,evidence_proposals/masks/gqa-2366749.png,object.,true,expert_human_reviewer,2026-10-05
gqa-2347379,evidence_proposals/masks/gqa-2347379.png,sitt.,true,expert_human_reviewer,2026-10-05
vqav2-471446,evidence_proposals/masks/vqav2-471446.png,light.,true,expert_human_reviewer,2026-10-05
vqav2-154711,evidence_proposals/masks/vqav2-154711.png,object.,true,expert_human_reviewer,2026-10-05
vqav2-502982,evidence_proposals/masks/vqav2-502982.png,object.,true,expert_human_reviewer,2026-10-05
gqa-2373388,evidence_proposals/masks/gqa-2373388.png,left.,true,expert_human_reviewer,2026-10-05
gqa-2326675,evidence_proposals/masks/gqa-2326675.png,girl.,true,expert_human_reviewer,2026-10-05
gqa-2398774,evidence_proposals/masks/gqa-2398774.png,color.,true,expert_human_reviewer,2026-10-05
gqa-2324683,evidence_proposals/masks/gqa-2324683.png,object.,true,expert_human_reviewer,2026-10-05
vqav2-287550,evidence_proposals/masks/vqav2-287550.png,pers.,true,expert_human_reviewer,2026-10-05
gqa-2336142,evidence_proposals/masks/gqa-2336142.png,th.,true,expert_human_reviewer,2026-10-05
vqav2-341118,evidence_proposals/masks/vqav2-341118.png,panda.,true,expert_human_reviewer,2026-10-05
vqav2-528516,evidence_proposals/masks/vqav2-528516.png,fry.,true,expert_human_reviewer,2026-10-05
gqa-2395906,evidence_proposals/masks/gqa-2395906.png,man.,true,expert_human_reviewer,2026-10-05
vqav2-3335,evidence_proposals/masks/vqav2-3335.png,object.,true,expert_human_reviewer,2026-10-05
gqa-1653,evidence_proposals/masks/gqa-1653.png,street.,true,expert_human_reviewer,2026-10-05
vqav2-337984,evidence_proposals/masks/vqav2-337984.png,object.,true,expert_human_reviewer,2026-10-05
gqa-2391748,evidence_proposals/masks/gqa-2391748.png,purple.,true,expert_human_reviewer,2026-10-05
gqa-2394980,evidence_proposals/masks/gqa-2394980.png,is.,true,expert_human_reviewer,2026-10-05
vqav2-111086,evidence_proposals/masks/vqav2-111086.png,object.,true,expert_human_reviewer,2026-10-05
gqa-2380370,evidence_proposals/masks/gqa-2380370.png,object.,true,expert_human_reviewer,2026-10-05
gqa-713596,evidence_proposals/masks/gqa-713596.png,loc.,true,expert_human_reviewer,2026-10-05
vqav2-92514,evidence_proposals/masks/vqav2-92514.png,object.,true,expert_human_reviewer,2026-10-05
gqa-2382208,evidence_proposals/masks/gqa-2382208.png,sidewalk.,true,expert_human_reviewer,2026-10-05
gqa-2387265,evidence_proposals/masks/gqa-2387265.png,object.,true,expert_human_reviewer,2026-10-05
gqa-2330701,evidence_proposals/masks/gqa-2330701.png,is.,true,expert_human_reviewer,2026-10-05
gqa-2374541,evidence_proposals/masks/gqa-2374541.png,pot.,true,expert_human_reviewer,2026-10-05
gqa-2342004,evidence_proposals/masks/gqa-2342004.png,top.,true,expert_human_reviewer,2026-10-05
vqav2-328464,evidence_proposals/masks/vqav2-328464.png,600.,true,expert_human_reviewer,2026-10-05
vqav2-295956,evidence_proposals/masks/vqav2-295956.png,play.,true,expert_human_reviewer,2026-10-05
gqa-2380928,evidence_proposals/masks/gqa-2380928.png,right.,true,expert_human_reviewer,2026-10-05
gqa-1218,evidence_proposals/masks/gqa-1218.png,object.,true,expert_human_reviewer,2026-10-05
vqav2-72428,evidence_proposals/masks/vqav2-72428.png,object.,true,expert_human_reviewer,2026-10-05
vqav2-276720,evidence_proposals/masks/vqav2-276720.png,4.,true,expert_human_reviewer,2026-10-05
gqa-2376178,evidence_proposals/masks/gqa-2376178.png,table.,true,expert_human_reviewer,2026-10-05
vqav2-127785,evidence_proposals/masks/vqav2-127785.png,6.,true,expert_human_reviewer,2026-10-05
gqa-2383075,evidence_proposals/masks/gqa-2383075.png,object.,true,expert_human_reviewer,2026-10-05
gqa-2369719,evidence_proposals/masks/gqa-2369719.png,color.,true,expert_human_reviewer,2026-10-05
gqa-2344624,evidence_proposals/masks/gqa-2344624.png,object.,true,expert_human_reviewer,2026-10-05
vqav2-155736,evidence_proposals/masks/vqav2-155736.png,black.,true,expert_human_reviewer,2026-10-05
vqav2-363845,evidence_proposals/masks/vqav2-363845.png,tires.,true,expert_human_reviewer,2026-10-05
vqav2-281679,evidence_proposals/masks/vqav2-281679.png,object.,true,expert_human_reviewer,2026-10-05
gqa-2404154,evidence_proposals/masks/gqa-2404154.png,gray.,true,expert_human_reviewer,2026-10-05
gqa-2334535,evidence_proposals/masks/gqa-2334535.png,top.,true,expert_human_reviewer,2026-10-05
gqa-2376976,evidence_proposals/masks/gqa-2376976.png,before.,true,expert_human_reviewer,2026-10-05
gqa-2349983,evidence_proposals/masks/gqa-2349983.png,cup.,true,expert_human_reviewer,2026-10-05
gqa-2404965,evidence_proposals/masks/gqa-2404965.png,object.,true,expert_human_reviewer,2026-10-05
gqa-2390480,evidence_proposals/masks/gqa-2390480.png,right.,true,expert_human_reviewer,2026-10-05
gqa-2364364,evidence_proposals/masks/gqa-2364364.png,bus.,true,expert_human_reviewer,2026-10-05
vqav2-190115,evidence_proposals/masks/vqav2-190115.png,bottle.,true,expert_human_reviewer,2026-10-05
vqav2-11340,evidence_proposals/masks/vqav2-11340.png,hair.,true,expert_human_reviewer,2026-10-05
vqav2-283064,evidence_proposals/masks/vqav2-283064.png,fake.,true,expert_human_reviewer,2026-10-05
gqa-2316187,evidence_proposals/masks/gqa-2316187.png,object.,true,expert_human_reviewer,2026-10-05
vqav2-302159,evidence_proposals/masks/vqav2-302159.png,object.,true,expert_human_reviewer,2026-10-05
gqa-2352581,evidence_proposals/masks/gqa-2352581.png,object.,true,expert_human_reviewer,2026-10-05
vqav2-433279,evidence_proposals/masks/vqav2-433279.png,afternoon.,true,expert_human_reviewer,2026-10-05
gqa-2405223,evidence_proposals/masks/gqa-2405223.png,object.,true,expert_human_reviewer,2026-10-05
vqav2-332940,evidence_proposals/masks/vqav2-332940.png,pr.,true,expert_human_reviewer,2026-10-05
vqav2-9729,evidence_proposals/masks/vqav2-9729.png,object.,true,expert_human_reviewer,2026-10-05
gqa-2323933,evidence_proposals/masks/gqa-2323933.png,bag.,true,expert_human_reviewer,2026-10-05
vqav2-446751,evidence_proposals/masks/vqav2-446751.png,object.,true,expert_human_reviewer,2026-10-05
vqav2-12670,evidence_proposals/masks/vqav2-12670.png,object.,true,expert_human_reviewer,2026-10-05
gqa-2407446,evidence_proposals/masks/gqa-2407446.png,woman.,true,expert_human_reviewer,2026-10-05
vqav2-144929,evidence_proposals/masks/vqav2-144929.png,carry.,true,expert_human_reviewer,2026-10-05
gqa-2386511,evidence_proposals/masks/gqa-2386511.png,object.,true,expert_human_reviewer,2026-10-05
gqa-2362638,evidence_proposals/masks/gqa-2362638.png,object.,true,expert_human_reviewer,2026-10-05
gqa-2325896,evidence_proposals/masks/gqa-2325896.png,object.,true,expert_human_reviewer,2026-10-05
vqav2-494863,evidence_proposals/masks/vqav2-494863.png,object.,true,expert_human_reviewer,2026-10-05
gqa-2368444,evidence_proposals/masks/gqa-2368444.png,outdoors.,true,expert_human_reviewer,2026-10-05
gqa-2364138,evidence_proposals/masks/gqa-2364138.png,zebra.,true,expert_human_reviewer,2026-10-05
vqav2-70589,evidence_proposals/masks/vqav2-70589.png,color.,true,expert_human_reviewer,2026-10-05
gqa-2383321,evidence_proposals/masks/gqa-2383321.png,object.,true,expert_human_reviewer,2026-10-05
vqav2-261906,evidence_proposals/masks/vqav2-261906.png,object.,true,expert_human_reviewer,2026-10-05
gqa-2363937,evidence_proposals/masks/gqa-2363937.png,color.,true,expert_human_reviewer,2026-10-05
gqa-2327958,evidence_proposals/masks/gqa-2327958.png,object.,true,expert_human_reviewer,2026-10-05
vqav2-425644,evidence_proposals/masks/vqav2-425644.png,object.,true,expert_human_reviewer,2026-10-05
gqa-2400081,evidence_proposals/masks/gqa-2400081.png,th.,true,expert_human_reviewer,2026-10-05
vqav2-358255,evidence_proposals/masks/vqav2-358255.png,object.,true,expert_human_reviewer,2026-10-05
vqav2-96110,evidence_proposals/masks/vqav2-96110.png,dogs.,true,expert_human_reviewer,2026-10-05
gqa-2398382,evidence_proposals/masks/gqa-2398382.png,zebra.,true,expert_human_reviewer,2026-10-05
vqav2-306855,evidence_proposals/masks/vqav2-306855.png,chair.,true,expert_human_reviewer,2026-10-05
vqav2-276063,evidence_proposals/masks/vqav2-276063.png,mazda.,true,expert_human_reviewer,2026-10-05
vqav2-139127,evidence_proposals/masks/vqav2-139127.png,object.,true,expert_human_reviewer,2026-10-05
vqav2-12979,evidence_proposals/masks/vqav2-12979.png,object.,true,expert_human_reviewer,2026-10-05
vqav2-296032,evidence_proposals/masks/vqav2-296032.png,object.,true,expert_human_reviewer,2026-10-05
vqav2-504810,evidence_proposals/masks/vqav2-504810.png,this.,true,expert_human_reviewer,2026-10-05
vqav2-404613,evidence_proposals/masks/vqav2-404613.png,hold.,true,expert_human_reviewer,2026-10-05
gqa-2402570,evidence_proposals/masks/gqa-2402570.png,left.,true,expert_human_reviewer,2026-10-05
vqav2-490294,evidence_proposals/masks/vqav2-490294.png,5.,true,expert_human_reviewer,2026-10-05
vqav2-290170,evidence_proposals/masks/vqav2-290170.png,object.,true,expert_human_reviewer,2026-10-05
vqav2-565670,evidence_proposals/masks/vqav2-565670.png,sad.,true,expert_human_reviewer,2026-10-05
vqav2-321846,evidence_proposals/masks/vqav2-321846.png,breakfast.,true,expert_human_reviewer,2026-10-05
gqa-2415670,evidence_proposals/masks/gqa-2415670.png,left.,true,expert_human_reviewer,2026-10-05
vqav2-84158,evidence_proposals/masks/vqav2-84158.png,outside.,true,expert_human_reviewer,2026-10-05
vqav2-420666,evidence_proposals/masks/vqav2-420666.png,object.,true,expert_human_reviewer,2026-10-05
gqa-2414593,evidence_proposals/masks/gqa-2414593.png,courtyard.,true,expert_human_reviewer,2026-10-05
vqav2-329336,evidence_proposals/masks/vqav2-329336.png,object.,true,expert_human_reviewer,2026-10-05
vqav2-16180,evidence_proposals/masks/vqav2-16180.png,color.,true,expert_human_reviewer,2026-10-05
vqav2-418281,evidence_proposals/masks/vqav2-418281.png,object.,true,expert_human_reviewer,2026-10-05
gqa-2404396,evidence_proposals/masks/gqa-2404396.png,up.,true,expert_human_reviewer,2026-10-05
vqav2-544855,evidence_proposals/masks/vqav2-544855.png,object.,true,expert_human_reviewer,2026-10-05
gqa-2386472,evidence_proposals/masks/gqa-2386472.png,drawer.,true,expert_human_reviewer,2026-10-05
gqa-2346159,evidence_proposals/masks/gqa-2346159.png,object.,true,expert_human_reviewer,2026-10-05
gqa-2411476,evidence_proposals/masks/gqa-2411476.png,object.,true,expert_human_reviewer,2026-10-05
gqa-2325456,evidence_proposals/masks/gqa-2325456.png,dog.,true,expert_human_reviewer,2026-10-05
gqa-2380186,evidence_proposals/masks/gqa-2380186.png,short.,true,expert_human_reviewer,2026-10-05
vqav2-383846,evidence_proposals/masks/vqav2-383846.png,c.,true,expert_human_reviewer,2026-10-05
gqa-2386899,evidence_proposals/masks/gqa-2386899.png,object.,true,expert_human_reviewer,2026-10-05
vqav2-262514,evidence_proposals/masks/vqav2-262514.png,object.,true,expert_human_reviewer,2026-10-05
gqa-2369833,evidence_proposals/masks/gqa-2369833.png,object.,true,expert_human_reviewer,2026-10-05
vqav2-224557,evidence_proposals/masks/vqav2-224557.png,this.,true,expert_human_reviewer,2026-10-05
vqav2-451623,evidence_proposals/masks/vqav2-451623.png,e.,true,expert_human_reviewer,2026-10-05
vqav2-198935,evidence_proposals/masks/vqav2-198935.png,object.,true,expert_human_reviewer,2026-10-05
vqav2-397639,evidence_proposals/masks/vqav2-397639.png,object.,true,expert_human_reviewer,2026-10-05
gqa-2333341,evidence_proposals/masks/gqa-2333341.png,th.,true,expert_human_reviewer,2026-10-05
vqav2-255479,evidence_proposals/masks/vqav2-255479.png,white.,true,expert_human_reviewer,2026-10-05
vqav2-336166,evidence_proposals/masks/vqav2-336166.png,object.,true,expert_human_reviewer,2026-10-05
gqa-2392001,evidence_proposals/masks/gqa-2392001.png,show.,true,expert_human_reviewer,2026-10-05
gqa-2334745,evidence_proposals/masks/gqa-2334745.png,c.,true,expert_human_reviewer,2026-10-05
gqa-2379466,evidence_proposals/masks/gqa-2379466.png,cake.,true,expert_human_reviewer,2026-10-05
vqav2-478798,evidence_proposals/masks/vqav2-478798.png,object.,true,expert_human_reviewer,2026-10-05
gqa-2406874,evidence_proposals/masks/gqa-2406874.png,object.,true,expert_human_reviewer,2026-10-05
gqa-2401032,evidence_proposals/masks/gqa-2401032.png,th.,true,expert_human_reviewer,2026-10-05
gqa-2350736,evidence_proposals/masks/gqa-2350736.png,object.,true,expert_human_reviewer,2026-10-05
gqa-2331481,evidence_proposals/masks/gqa-2331481.png,walk.,true,expert_human_reviewer,2026-10-05
gqa-2356679,evidence_proposals/masks/gqa-2356679.png,tra.,true,expert_human_reviewer,2026-10-05
vqav2-282231,evidence_proposals/masks/vqav2-282231.png,tennis.,true,expert_human_reviewer,2026-10-05
vqav2-442630,evidence_proposals/masks/vqav2-442630.png,seas.,true,expert_human_reviewer,2026-10-05
vqav2-543364,evidence_proposals/masks/vqav2-543364.png,object.,true,expert_human_reviewer,2026-10-05
gqa-2381398,evidence_proposals/masks/gqa-2381398.png,metal.,true,expert_human_reviewer,2026-10-05
vqav2-103692,evidence_proposals/masks/vqav2-103692.png,object.,true,expert_human_reviewer,2026-10-05
vqav2-176211,evidence_proposals/masks/vqav2-176211.png,cheese.,true,expert_human_reviewer,2026-10-05
vqav2-466774,evidence_proposals/masks/vqav2-466774.png,zoo.,true,expert_human_reviewer,2026-10-05
vqav2-128812,evidence_proposals/masks/vqav2-128812.png,12.,true,expert_human_reviewer,2026-10-05
vqav2-194407,evidence_proposals/masks/vqav2-194407.png,color.,true,expert_human_reviewer,2026-10-05
vqav2-42387,evidence_proposals/masks/vqav2-42387.png,many.,true,expert_human_reviewer,2026-10-05
vqav2-252213,evidence_proposals/masks/vqav2-252213.png,object.,true,expert_human_reviewer,2026-10-05
gqa-2317919,evidence_proposals/masks/gqa-2317919.png,racket.,true,expert_human_reviewer,2026-10-05
gqa-2366564,evidence_proposals/masks/gqa-2366564.png,object.,true,expert_human_reviewer,2026-10-05
gqa-2316943,evidence_proposals/masks/gqa-2316943.png,indoors.,true,expert_human_reviewer,2026-10-05
gqa-2365778,evidence_proposals/masks/gqa-2365778.png,man.,true,expert_human_reviewer,2026-10-05
vqav2-155774,evidence_proposals/masks/vqav2-155774.png,object.,true,expert_human_reviewer,2026-10-05
gqa-2333723,evidence_proposals/masks/gqa-2333723.png,objects.,true,expert_human_reviewer,2026-10-05
gqa-1592951,evidence_proposals/masks/gqa-1592951.png,ship.,true,expert_human_reviewer,2026-10-05
gqa-2324933,evidence_proposals/masks/gqa-2324933.png,c.,true,expert_human_reviewer,2026-10-05
gqa-1204,evidence_proposals/masks/gqa-1204.png,object.,true,expert_human_reviewer,2026-10-05
gqa-2400631,evidence_proposals/masks/gqa-2400631.png,object.,true,expert_human_reviewer,2026-10-05
gqa-2323902,evidence_proposals/masks/gqa-2323902.png,color.,true,expert_human_reviewer,2026-10-05
gqa-2332799,evidence_proposals/masks/gqa-2332799.png,grapes.,true,expert_human_reviewer,2026-10-05
gqa-2376957,evidence_proposals/masks/gqa-2376957.png,basket.,true,expert_human_reviewer,2026-10-05
vqav2-439522,evidence_proposals/masks/vqav2-439522.png,object.,true,expert_human_reviewer,2026-10-05
gqa-2360831,evidence_proposals/masks/gqa-2360831.png,right.,true,expert_human_reviewer,2026-10-05
vqav2-393942,evidence_proposals/masks/vqav2-393942.png,humans.,true,expert_human_reviewer,2026-10-05
vqav2-380388,evidence_proposals/masks/vqav2-380388.png,eng.,true,expert_human_reviewer,2026-10-05
vqav2-574297,evidence_proposals/masks/vqav2-574297.png,color.,true,expert_human_reviewer,2026-10-05
vqav2-372265,evidence_proposals/masks/vqav2-372265.png,right.,true,expert_human_reviewer,2026-10-05
vqav2-405635,evidence_proposals/masks/vqav2-405635.png,object.,true,expert_human_reviewer,2026-10-05
gqa-2333044,evidence_proposals/masks/gqa-2333044.png,bags.,true,expert_human_reviewer,2026-10-05
gqa-2348712,evidence_proposals/masks/gqa-2348712.png,fr.,true,expert_human_reviewer,2026-10-05
vqav2-527887,evidence_proposals/masks/vqav2-527887.png,object.,true,expert_human_reviewer,2026-10-05
gqa-2345900,evidence_proposals/masks/gqa-2345900.png,called.,true,expert_human_reviewer,2026-10-05
vqav2-70657,evidence_proposals/masks/vqav2-70657.png,object.,true,expert_human_reviewer,2026-10-05
gqa-2375356,evidence_proposals/masks/gqa-2375356.png,object.,true,expert_human_reviewer,2026-10-05
gqa-2316597,evidence_proposals/masks/gqa-2316597.png,th.,true,expert_human_reviewer,2026-10-05
vqav2-380459,evidence_proposals/masks/vqav2-380459.png,object.,true,expert_human_reviewer,2026-10-05
gqa-2409738,evidence_proposals/masks/gqa-2409738.png,vegetable.,true,expert_human_reviewer,2026-10-05
gqa-2395512,evidence_proposals/masks/gqa-2395512.png,object.,true,expert_human_reviewer,2026-10-05
vqav2-142940,evidence_proposals/masks/vqav2-142940.png,pers.,true,expert_human_reviewer,2026-10-05
vqav2-240589,evidence_proposals/masks/vqav2-240589.png,object.,true,expert_human_reviewer,2026-10-05
gqa-2403946,evidence_proposals/masks/gqa-2403946.png,object.,true,expert_human_reviewer,2026-10-05
gqa-1159297,evidence_proposals/masks/gqa-1159297.png,pl.,true,expert_human_reviewer,2026-10-05
gqa-2406216,evidence_proposals/masks/gqa-2406216.png,object.,true,expert_human_reviewer,2026-10-05
gqa-2341440,evidence_proposals/masks/gqa-2341440.png,umbrella.,true,expert_human_reviewer,2026-10-05
gqa-2318332,evidence_proposals/masks/gqa-2318332.png,door.,true,expert_human_reviewer,2026-10-05
vqav2-261679,evidence_proposals/masks/vqav2-261679.png,color.,true,expert_human_reviewer,2026-10-05
vqav2-397863,evidence_proposals/masks/vqav2-397863.png,0.,true,expert_human_reviewer,2026-10-05
vqav2-302185,evidence_proposals/masks/vqav2-302185.png,color.,true,expert_human_reviewer,2026-10-05
gqa-2402273,evidence_proposals/masks/gqa-2402273.png,bottom.,true,expert_human_reviewer,2026-10-05
gqa-2403468,evidence_proposals/masks/gqa-2403468.png,color.,true,expert_human_reviewer,2026-10-05
gqa-2331336,evidence_proposals/masks/gqa-2331336.png,th.,true,expert_human_reviewer,2026-10-05
vqav2-451151,evidence_proposals/masks/vqav2-451151.png,object.,true,expert_human_reviewer,2026-10-05
vqav2-240279,evidence_proposals/masks/vqav2-240279.png,object.,true,expert_human_reviewer,2026-10-05
gqa-2388927,evidence_proposals/masks/gqa-2388927.png,computers.,true,expert_human_reviewer,2026-10-05
gqa-2325742,evidence_proposals/masks/gqa-2325742.png,right.,true,expert_human_reviewer,2026-10-05
gqa-2770,evidence_proposals/masks/gqa-2770.png,object.,true,expert_human_reviewer,2026-10-05
vqav2-451406,evidence_proposals/masks/vqav2-451406.png,object.,true,expert_human_reviewer,2026-10-05
vqav2-432605,evidence_proposals/masks/vqav2-432605.png,bathroom.,true,expert_human_reviewer,2026-10-05
vqav2-61862,evidence_proposals/masks/vqav2-61862.png,woman.,true,expert_human_reviewer,2026-10-05
vqav2-45248,evidence_proposals/masks/vqav2-45248.png,object.,true,expert_human_reviewer,2026-10-05
gqa-2374131,evidence_proposals/masks/gqa-2374131.png,jacket.,true,expert_human_reviewer,2026-10-05
vqav2-209868,evidence_proposals/masks/vqav2-209868.png,mouth.,true,expert_human_reviewer,2026-10-05
vqav2-406885,evidence_proposals/masks/vqav2-406885.png,1.,true,expert_human_reviewer,2026-10-05
vqav2-29393,evidence_proposals/masks/vqav2-29393.png,object.,true,expert_human_reviewer,2026-10-05
vqav2-42433,evidence_proposals/masks/vqav2-42433.png,motorcycle.,true,expert_human_reviewer,2026-10-05
vqav2-493682,evidence_proposals/masks/vqav2-493682.png,object.,true,expert_human_reviewer,2026-10-05
vqav2-565045,evidence_proposals/masks/vqav2-565045.png,object.,true,expert_human_reviewer,2026-10-05
